img_url,image_name
https://z1.muscache.cn/im/pictures/miso/Hosting-618573800623079625/original/2eecc731-6e8e-49c4-963a-2c9284c11900.jpeg?im_w=720&im_format=avif,image_1
https://a0.muscache.com/im/pictures/8a325d77-9297-4b56-a8d5-d7c1dcd81304.jpg?im_w=720&im_format=avif,image_2
https://a0.muscache.com/pictures/airbnb-platform-assets/AirbnbPlatformAssets-email-dls-icons/original/c3c390ab-d1ab-4627-9cd7-608ac53b171e.png,image_3
https://a0.muscache.com/im/pictures/miso/Hosting-983929712775367197/original/2827d185-80a0-4b4e-bad1-722bda63dad2.jpeg?im_w=720&im_format=avif,image_4
https://z1.muscache.cn/im/pictures/miso/Hosting-983929712775367197/original/0de6e06b-121e-4789-bc9e-e33c8d55a87b.jpeg?im_w=720&im_format=avif,image_5
https://a0.muscache.com/im/pictures/3115a1ca-a3ca-4159-8a49-10a904a0d57d.jpg?im_w=720&im_format=avif,image_6
https://z1.muscache.cn/im/pictures/c0c92424-80d3-4554-855d-ae96826a22a9.jpg?im_w=720&im_format=avif,image_7
https://a0.muscache.com/im/pictures/3b75e6d7-1186-4a71-bd68-94cf9a12f3dc.jpg?im_w=720&im_format=avif,image_8
https://a0.muscache.com/im/pictures/b1468c77-221c-48f5-927c-a3ef4c88b6dd.jpg?im_w=720&im_format=avif,image_9
https://a0.muscache.com/im/pictures/miso/Hosting-48671576/original/e24e5d5f-a88a-4e3d-9e89-bf1a0c5afef2.jpeg?im_w=720&im_format=avif,image_10
https://a0.muscache.com/im/pictures/0122ca49-7334-4be3-bd92-09e426150820.jpg?im_w=720&im_format=avif,image_11
https://z1.muscache.cn/im/pictures/859b9dc5-8c41-4ad5-b4a6-6ee90d274982.jpg?im_w=720&im_format=avif,image_12
https://z1.muscache.cn/im/pictures/miso/Hosting-699084834970448207/original/6a3e52ea-767e-400f-a88d-33d82ddf064b.jpeg?im_w=720&im_format=avif,image_13
https://a0.muscache.com/im/pictures/miso/Hosting-45730789/original/43ce5b2a-d459-4438-8ab0-b059af8b37e5.jpeg?im_w=720&im_format=avif,image_14
https://z1.muscache.cn/im/pictures/34bab0b2-bed7-4c5a-8cea-b4c04ad364af.jpg?im_w=720&im_format=avif,image_15
https://a0.muscache.com/im/pictures/f9def83a-b156-46c5-b5bb-a52f927b42b3.jpg?im_w=720&im_format=avif,image_16
https://z1.muscache.cn/im/pictures/pro_photo_tool/Hosting-27665472-unapproved/original/c94bc87a-50eb-468b-bec7-6a706dc03b3b.JPEG?im_w=720&im_format=avif,image_17
https://a0.muscache.com/im/pictures/miso/Hosting-746830740877342271/original/922b7f76-8132-4dda-b074-c728f07a5c07.jpeg?im_w=720&im_format=avif,image_18
https://a0.muscache.com/im/pictures/e6d0ad5d-d64c-4641-ab91-f34f9a1bdd73.jpg?im_w=720&im_format=avif,image_19
https://z1.muscache.cn/im/pictures/b58be927-e169-4618-bf5d-e287dfd89bcb.jpg?im_w=720&im_format=avif,image_20
https://a0.muscache.com/im/pictures/3a2bd698-1b18-4282-b924-a866600928cf.jpg?im_w=720&im_format=avif,image_21
https://a0.muscache.com/im/pictures/54d05833-19f1-483d-8cfb-e52147cc29ba.jpg?im_w=720&im_format=avif,image_22
https://z1.muscache.cn/im/pictures/1c88c13a-f306-4992-8bd5-f1253fbdefe1.jpg?im_w=720&im_format=avif,image_23
https://z1.muscache.cn/im/pictures/miso/Hosting-983251986935724627/original/be57799b-eecc-4fef-a04b-0dbe201298e7.jpeg?im_w=720&im_format=avif,image_24
https://a0.muscache.com/im/pictures/bc330d3e-e823-4987-9c0b-a32c29667045.jpg?im_w=720&im_format=avif,image_25
https://a0.muscache.com/im/pictures/miso/Hosting-879438456671125017/original/00d370e6-d26a-4208-ad5f-85e0117242bb.jpeg?im_w=720&im_format=avif,image_26
https://z1.muscache.cn/im/pictures/airflow/Hosting-12224736/original/58f5a809-225b-4648-a940-df967b48cf1d.jpg?im_w=720&im_format=avif,image_27
https://a0.muscache.com/im/pictures/56ec21df-b731-4366-99ab-86d3d13e5f26.jpg?im_w=720&im_format=avif,image_28
https://z1.muscache.cn/im/pictures/290730ee-8f64-40f4-9418-1f0fcd9ffc38.jpg?im_w=720&im_format=avif,image_29
https://a0.muscache.com/im/pictures/miso/Hosting-736775694860821187/original/069d3afa-0c0b-45d4-b44e-a0b6de60bf69.jpeg?im_w=720&im_format=avif,image_30
https://a0.muscache.com/im/pictures/101913075/9e70924f_original.jpg?im_w=720&im_format=avif,image_31
https://a0.muscache.com/im/pictures/miso/Hosting-44015921/original/b8339e82-07ed-4d39-b186-506ce96b770a.jpeg?im_w=720&im_format=avif,image_32
https://z1.muscache.cn/im/pictures/hosting/Hosting-41613884/original/8a5447f9-ead0-4690-b018-09260a67df3d.jpeg?im_w=720&im_format=avif,image_33
https://a0.muscache.com/im/pictures/miso/Hosting-636053922656604210/original/c2e91fba-7f67-420a-aee1-e211986fb877.jpeg?im_w=720&im_format=avif,image_34
https://z1.muscache.cn/im/pictures/hosting/Hosting-1044034030140849125/original/7d50445f-0d2e-4d0f-b30c-ee8a4e1a1110.jpeg?im_w=720&im_format=avif,image_35
https://a0.muscache.com/im/pictures/prohost-api/Hosting-51879539/original/78f8b81a-d95b-46f1-85a8-5aec927776ff.jpeg?im_w=720&im_format=avif,image_36
https://z1.muscache.cn/im/pictures/miso/Hosting-51610083/original/55a48e56-62c0-4f16-b42e-8e6c068eb246.jpeg?im_w=720&im_format=avif,image_37
https://a0.muscache.com/im/pictures/d773e84b-45e6-49f0-940c-26d53a651f2b.jpg?im_w=720&im_format=avif,image_38
https://a0.muscache.com/im/pictures/miso/Hosting-51271385/original/ac5bdcc0-c100-485c-a2c2-18a9c642e838.jpeg?im_w=720&im_format=avif,image_39
https://a0.muscache.com/im/pictures/8786721b-69a7-4f95-b44a-72e0050f31c7.jpg?im_w=720&im_format=avif,image_40
https://z1.muscache.cn/im/pictures/miso/Hosting-902830602299927301/original/4c2d280b-c43b-4387-b64a-b339433625b6.jpeg?im_w=720&im_format=avif,image_41
https://z1.muscache.cn/im/pictures/cb43e7c0-13ee-4107-b933-3eeedbe537b6.jpg?im_w=720&im_format=avif,image_42
https://z1.muscache.cn/im/pictures/b1c53e9e-935f-4fc1-97ef-213e01cac6dd.jpg?im_w=720&im_format=avif,image_43
https://z1.muscache.cn/im/pictures/b77bae53-ff69-49ea-9ab4-2f8b7d025350.jpg?im_w=720&im_format=avif,image_44
https://z1.muscache.cn/im/pictures/106e8e1c-a0c9-4d24-8cb4-cb33876f1562.jpg?im_w=720&im_format=avif,image_45
https://a0.muscache.com/im/pictures/34a2dba0-a80e-4fc8-b3bd-4af7c2b37ff7.jpg?im_w=720&im_format=avif,image_46
https://a0.muscache.com/im/pictures/miso/Hosting-978002222746080316/original/7b25cd9d-96ee-400b-a629-c998745051cb.jpeg?im_w=720&im_format=avif,image_47
https://z1.muscache.cn/im/pictures/aea8e8e8-ea18-4feb-82db-63e6612e8654.jpg?im_w=720&im_format=avif,image_48
https://a0.muscache.com/im/pictures/miso/Hosting-702049447461374433/original/8c8b12a4-2bd5-40d1-8859-688c168700cc.jpeg?im_w=720&im_format=avif,image_49
https://z1.muscache.cn/im/pictures/4cdc7dda-72a4-4fa3-b48c-3702b9a158e5.jpg?im_w=720&im_format=avif,image_50
https://a0.muscache.com/im/pictures/miso/Hosting-549083437053103431/original/27e1236b-a3a2-489a-a2d0-3ab694725df0.jpeg?im_w=720&im_format=avif,image_51
https://z1.muscache.cn/im/pictures/ec5d006b-0401-419d-b802-d6d6cd3e8685.jpg?im_w=720&im_format=avif,image_52
https://z1.muscache.cn/im/pictures/hosting/Hosting-44348903/original/21a14a39-d98c-43da-920a-6f04b93f5faa.jpeg?im_w=720&im_format=avif,image_53
https://z1.muscache.cn/im/pictures/61ddc68a-fd57-47a7-8727-38e217afb23d.jpg?im_w=720&im_format=avif,image_54
https://a0.muscache.com/im/pictures/0a58e735-e5f0-4a8e-83af-b87af7fe4f12.jpg?im_w=720&im_format=avif,image_55
https://a0.muscache.com/im/pictures/05eac9c9-92f2-4055-a0b2-5fb0b3c034a5.jpg?im_w=720&im_format=avif,image_56
https://z1.muscache.cn/im/pictures/87371d3c-b289-4353-9dd3-098708c7019e.jpg?im_w=720&im_format=avif,image_57
https://z1.muscache.cn/im/pictures/miso/Hosting-658715108591578802/original/e2707142-d0d6-41a8-babe-8322f9b381fe.jpeg?im_w=720&im_format=avif,image_58
https://a0.muscache.com/im/pictures/prohost-api/Hosting-51443389/original/ad68d647-d212-4805-97a8-118cf6e432c2.jpeg?im_w=720&im_format=avif,image_59
https://a0.muscache.com/im/pictures/miso/Hosting-41335433/original/329b822a-f37c-4be1-b3d0-2a7fdb6e3eef.jpeg?im_w=720&im_format=avif,image_60
https://z1.muscache.cn/im/pictures/miso/Hosting-911346293170903022/original/114034a5-ee38-4aa3-8fb5-6d897dd31c23.jpeg?im_w=720&im_format=avif,image_61
https://z1.muscache.cn/im/pictures/miso/Hosting-51548429/original/401dfe7d-e787-4d10-b7cc-6b92f2761553.jpeg?im_w=720&im_format=avif,image_62
https://a0.muscache.com/im/pictures/49cd58bc-7ec7-4ef9-96c2-f66844b91670.jpg?im_w=720&im_format=avif,image_63
https://a0.muscache.com/im/pictures/c0f17e51-e604-4d93-a4ae-380af9b9e9b8.jpg?im_w=720&im_format=avif,image_64
https://z1.muscache.cn/im/pictures/87c79c04-51e6-42b8-ba9c-07805d77d8e7.jpg?im_w=720&im_format=avif,image_65
https://z1.muscache.cn/im/pictures/miso/Hosting-700717231412177117/original/ae599f3e-2998-4940-a608-9b62a7b0c7f0.jpeg?im_w=720&im_format=avif,image_66
https://a0.muscache.com/im/pictures/hosting/Hosting-1179067702503640231/original/5a4a4600-a13e-4d9b-b320-0843fd4875cd.jpeg?im_w=720&im_format=avif,image_67
https://z1.muscache.cn/im/pictures/1c8d0fb2-8b7e-4298-bf18-4a6f2c9236e7.jpg?im_w=720&im_format=avif,image_68
https://a0.muscache.com/im/pictures/miso/Hosting-49007440/original/4774b9b0-1529-4acf-ba87-31dd6d0c0aa4.jpeg?im_w=720&im_format=avif,image_69
https://z1.muscache.cn/im/pictures/hosting/Hosting-39750192/original/7c2e1566-9825-4190-a277-e7ce2bfe68ee.jpeg?im_w=720&im_format=avif,image_70
https://z1.muscache.cn/im/pictures/1ae7c625-23f0-4819-9e2a-f208c7acd6ea.jpg?im_w=720&im_format=avif,image_71
https://a0.muscache.com/im/pictures/1717b668-4786-4447-983a-c38146a6798a.jpg?im_w=720&im_format=avif,image_72
https://z1.muscache.cn/im/pictures/24abb2eb-a91e-41a1-a144-97133c4633c2.jpg?im_w=720&im_format=avif,image_73
https://a0.muscache.com/im/pictures/de23b903-bb9e-4dc7-904f-9efa060e9b4b.jpg?im_w=720&im_format=avif,image_74
https://a0.muscache.com/im/pictures/miso/Hosting-48338755/original/0925a6c3-22c1-4eef-b2bb-82af41678ac0.jpeg?im_w=720&im_format=avif,image_75
https://z1.muscache.cn/im/pictures/7dc0dcfd-76dd-48a4-bbf4-932d454ed071.jpg?im_w=720&im_format=avif,image_76
https://z1.muscache.cn/im/pictures/miso/Hosting-54175107/original/0a0a06c6-4ea4-42c8-bfe6-18c5e4b80f87.jpeg?im_w=720&im_format=avif,image_77
https://z1.muscache.cn/im/pictures/hosting/Hosting-U3RheVN1cHBseUxpc3Rpbmc6ODY0MzIzMjA3ODE4Nzc5NzY2/original/7c9077e2-f8bd-49f6-89bb-46df798df5a9.jpeg?im_w=720&im_format=avif,image_78
https://z1.muscache.cn/im/pictures/a1cb4f37-4965-4a45-b488-e586fbaecaed.jpg?im_w=720&im_format=avif,image_79
https://a0.muscache.com/im/pictures/980fcd5d-d4d5-450c-803b-e1c0f81727c6.jpg?im_w=720&im_format=avif,image_80
https://z1.muscache.cn/im/pictures/ceea7815-99e0-4974-98f2-8b898fca7b88.jpg?im_w=720&im_format=avif,image_81
https://z1.muscache.cn/im/pictures/airflow/Hosting-855829193259782225/original/a1127bdd-ae0c-4d28-8f3d-c92a527d10a5.jpg?im_w=720&im_format=avif,image_82
https://z1.muscache.cn/im/pictures/miso/Hosting-50415460/original/4f8a2a50-15fe-402a-a441-8a8ae17ce5ab.jpeg?im_w=720&im_format=avif,image_83
https://a0.muscache.com/im/pictures/c2ecc41c-1a63-4235-bc4e-77cb0a13f8b9.jpg?im_w=720&im_format=avif,image_84
https://z1.muscache.cn/im/pictures/1e849108-58e1-41c7-8078-21787705f3ad.jpg?im_w=720&im_format=avif,image_85
https://a0.muscache.com/im/pictures/miso/Hosting-48824138/original/9dc26b1c-8692-43d5-8896-f9d018f9b519.jpeg?im_w=720&im_format=avif,image_86
https://z1.muscache.cn/im/pictures/prohost-api/Hosting-804517046867847960/original/77f1df0f-dda0-42c9-b0a0-e5cd4f6ad7cc.jpeg?im_w=720&im_format=avif,image_87
https://z1.muscache.cn/im/pictures/3d4ce3cf-3c6b-42a1-ac49-82b72bf8f8da.jpg?im_w=720&im_format=avif,image_88
https://z1.muscache.cn/im/pictures/miso/Hosting-762427682868063338/original/e4d02a74-fb0a-43a7-a584-9bc68b3e67b1.jpeg?im_w=720&im_format=avif,image_89
https://z1.muscache.cn/im/pictures/a2196dc2-465d-43d2-b249-dc618641b036.jpg?im_w=720&im_format=avif,image_90
https://a0.muscache.com/im/pictures/904f0d77-1a66-4534-8891-e264fac1b1d7.jpg?im_w=720&im_format=avif,image_91
https://z1.muscache.cn/im/pictures/hosting/Hosting-966633825187063570/original/c492f448-3ae5-42ee-bba1-c72bc294ff1b.jpeg?im_w=720&im_format=avif,image_92
https://a0.muscache.com/im/pictures/miso/Hosting-624507187589792461/original/60bb7b7e-42f1-4f01-806c-40d4e1dbb79d.jpeg?im_w=720&im_format=avif,image_93
https://a0.muscache.com/im/pictures/638aaf8e-72fb-4191-b5e4-d23d0d85b11e.jpg?im_w=720&im_format=avif,image_94
https://z1.muscache.cn/im/pictures/bbc71671-72be-4e34-aca1-0d5adbea219a.jpg?im_w=720&im_format=avif,image_95
https://z1.muscache.cn/im/pictures/35cffac3-03ea-4c42-9670-fa2da7ad6e43.jpg?im_w=720&im_format=avif,image_96
https://z1.muscache.cn/im/pictures/miso/Hosting-820220592006640693/original/29946b65-f1a3-41be-bb33-b711a5f9c588.jpeg?im_w=720&im_format=avif,image_97
https://a0.muscache.com/im/pictures/miso/Hosting-49622283/original/31731a10-f357-47f7-b2ce-fea5693bb26b.jpeg?im_w=720&im_format=avif,image_98
https://z1.muscache.cn/im/pictures/10c7467d-73d6-4161-b23d-9f17c7188cbd.jpg?im_w=720&im_format=avif,image_99
https://z1.muscache.cn/im/pictures/d3abfd80-5dda-478b-99b2-26cb3ff369e2.jpg?im_w=720&im_format=avif,image_100
https://z1.muscache.cn/im/pictures/55686451/242661b6_original.jpg?im_w=720&im_format=avif,image_101
https://z1.muscache.cn/im/pictures/f5a9ac04-b609-48ab-8946-6935ba6a346d.jpg?im_w=720&im_format=avif,image_102
https://a0.muscache.com/im/pictures/hosting/Hosting-U3RheVN1cHBseUxpc3Rpbmc6ODE2MDE5MjgxMjA1MDYyODgy/original/6fad3a07-b5cf-4149-abd2-9923095dec69.jpeg?im_w=720&im_format=avif,image_103
https://z1.muscache.cn/im/pictures/hosting/Hosting-48557160/original/e2c9cda8-2c9b-42ea-b53d-b68d27bfe62c.jpeg?im_w=720&im_format=avif,image_104
https://a0.muscache.com/im/pictures/miso/Hosting-944093546289575263/original/901ed9e9-e5d1-450f-9893-901ffc6a7777.jpeg?im_w=720&im_format=avif,image_105
https://z1.muscache.cn/im/pictures/miso/Hosting-663057762040347808/original/499317b2-f5a0-4188-87e4-500a1d5429d9.jpeg?im_w=720&im_format=avif,image_106
https://z1.muscache.cn/im/pictures/pro_photo_tool/Hosting-24820282-unapproved/original/dd9438d9-33c9-4e75-aaae-72e96c13e110.JPEG?im_w=720&im_format=avif,image_107
https://z1.muscache.cn/im/pictures/hosting/Hosting-19238503/original/930fcf58-c4f7-4a2c-8338-719c7d142986.jpeg?im_w=720&im_format=avif,image_108
https://z1.muscache.cn/im/pictures/db97e3f8-1b06-4bfc-a9f8-89f0c8aa2354.jpg?im_w=720&im_format=avif,image_109
https://z1.muscache.cn/im/pictures/hosting/Hosting-U3RheVN1cHBseUxpc3Rpbmc6NzE0NDY4Njk3OTQ1NTczOTEw/original/3c96a733-db47-47e1-9493-f6fe5758d543.jpeg?im_w=720&im_format=avif,image_110
https://z1.muscache.cn/im/pictures/miso/Hosting-49666902/original/b1fcf0c5-9ab7-4eca-a40f-3eeb52188c62.jpeg?im_w=720&im_format=avif,image_111
https://a0.muscache.com/im/pictures/monet/Select-33489704/original/0bb128e7-257d-4afc-8fb6-f10ae8e7c169?im_w=720&im_format=avif,image_112
https://z1.muscache.cn/im/pictures/f70116b4-8a1f-4660-988b-8f0f360f70f7.jpg?im_w=720&im_format=avif,image_113
https://z1.muscache.cn/im/pictures/4c09f7a5-a34f-44bb-bc4f-12d221b07c42.jpg?im_w=720&im_format=avif,image_114
https://z1.muscache.cn/im/pictures/airflow/Hosting-18575744/original/f1174120-7865-480b-9c66-2a1796447537.jpg?im_w=720&im_format=avif,image_115
https://a0.muscache.com/im/pictures/prohost-api/Hosting-51458326/original/337910a9-ad71-477c-b825-1936311e2a37.jpeg?im_w=720&im_format=avif,image_116
https://a0.muscache.com/im/pictures/066d5bbd-d80c-404f-bde1-5393c01af58c.jpg?im_w=720&im_format=avif,image_117
https://a0.muscache.com/im/pictures/d98e7616-4a5c-48d8-8b1d-ec02948e4401.jpg?im_w=720&im_format=avif,image_118
https://z1.muscache.cn/im/pictures/miso/Hosting-684782634554494141/original/406f6487-3dc2-4781-8417-40d750ef0cd6.jpeg?im_w=720&im_format=avif,image_119
https://a0.muscache.com/im/pictures/845f4b91-474b-4c47-a4a3-b91326102b42.jpg?im_w=720&im_format=avif,image_120
https://a0.muscache.com/im/pictures/hosting/Hosting-U3RheVN1cHBseUxpc3Rpbmc6ODYyODc0ODI0NjAxOTAwMzUy/original/37fc672d-aa73-4567-b235-2a96d20f7038.jpeg?im_w=720&im_format=avif,image_121
https://a0.muscache.com/im/pictures/cd4b32ad-7559-4296-95ee-3d9168142f94.jpg?im_w=720&im_format=avif,image_122
https://z1.muscache.cn/im/pictures/airflow/Hosting-552816999872027579/original/85ab77e5-0de4-49d1-ba7a-4aad758cf13d.jpg?im_w=720&im_format=avif,image_123
https://a0.muscache.com/im/pictures/miso/Hosting-26295257/original/5c6f5537-dbfe-48b6-9037-d23f3fd687bf.jpeg?im_w=720&im_format=avif,image_124
https://z1.muscache.cn/im/pictures/88d85e83-44e9-4024-b22b-b7ca3d9955ca.jpg?im_w=720&im_format=avif,image_125
https://a0.muscache.com/im/pictures/fd6add7a-8875-449e-a01d-24042e2840f3.jpg?im_w=720&im_format=avif,image_126
https://z1.muscache.cn/im/pictures/c248acc5-03f0-46e4-a058-74686ef3ded1.jpg?im_w=720&im_format=avif,image_127
https://a0.muscache.com/im/pictures/airflow/Hosting-50245500/original/f43ed9a1-4657-438b-9099-4fd3e9046447.jpg?im_w=720&im_format=avif,image_128
https://z1.muscache.cn/im/pictures/6d6b4517-cc8d-41af-b467-e28337446691.jpg?im_w=720&im_format=avif,image_129
https://z1.muscache.cn/im/pictures/miso/Hosting-45722940/original/e3f7b616-b3ce-4ad2-89b0-c56a8a95af83.jpeg?im_w=720&im_format=avif,image_130
https://z1.muscache.cn/im/pictures/miso/Hosting-896865680463802733/original/5c908fab-c1e4-4e9e-a8a2-11faeaad9b04.jpeg?im_w=720&im_format=avif,image_131
https://z1.muscache.cn/im/pictures/6f97d6c0-cb64-4140-9589-2eccb31deadb.jpg?im_w=720&im_format=avif,image_132
https://z1.muscache.cn/im/pictures/miso/Hosting-568697227867681018/original/810631bf-fbf9-4213-a873-ad5b277f1605.jpeg?im_w=720&im_format=avif,image_133
https://z1.muscache.cn/im/pictures/ecc9e665-44f4-4b07-903a-aa6717024629.jpg?im_w=720&im_format=avif,image_134
https://z1.muscache.cn/im/pictures/625ab06f-d9ef-4b77-9b42-a227bcc4ac83.jpg?im_w=720&im_format=avif,image_135
https://z1.muscache.cn/im/pictures/2a5618cf-5220-426d-a81b-13d20c1c6459.jpg?im_w=720&im_format=avif,image_136
https://z1.muscache.cn/im/pictures/01233a2d-3f92-4991-88d3-014029a6c819.jpg?im_w=720&im_format=avif,image_137
https://a0.muscache.com/im/pictures/3c60ea5a-0a2a-456c-978d-2681252ec2dd.jpg?im_w=720&im_format=avif,image_138
https://a0.muscache.com/im/pictures/miso/Hosting-817166824653752978/original/4beb26dc-5c12-4d22-908d-b79eedb847e0.jpeg?im_w=720&im_format=avif,image_139
https://a0.muscache.com/im/pictures/miso/Hosting-17636896/original/9213ccc9-40fa-416a-ab75-6e5c26501149.jpeg?im_w=720&im_format=avif,image_140
https://z1.muscache.cn/im/pictures/miso/Hosting-681500013288124176/original/b4e3b77e-8156-47da-91c5-57239f6699ac.jpeg?im_w=720&im_format=avif,image_141
https://z1.muscache.cn/im/pictures/226be6ec-3eb5-4a8d-926f-cc4e6d90427d.jpg?im_w=720&im_format=avif,image_142
https://a0.muscache.com/im/pictures/miso/Hosting-50801085/original/2864c2f8-3087-4e39-9505-c7f07dfd834a.jpeg?im_w=720&im_format=avif,image_143
https://z1.muscache.cn/im/pictures/miso/Hosting-50801085/original/53fa2914-2570-4830-af9e-ec8bc4fc613a.jpeg?im_w=720&im_format=avif,image_144
https://a0.muscache.com/im/pictures/miso/Hosting-30459815/original/1b501b46-65b7-4470-9d39-810ff6116d39.jpeg?im_w=720&im_format=avif,image_145
https://z1.muscache.cn/im/pictures/miso/Hosting-820102434543154114/original/af67c5e5-5469-491a-bb26-9918850236dd.jpeg?im_w=720&im_format=avif,image_146
https://a0.muscache.com/im/pictures/a83b6007-51cd-4247-99d2-1bac42b795bf.jpg?im_w=720&im_format=avif,image_147
https://z1.muscache.cn/im/pictures/7d53c25c-43b7-42ec-be3d-50a962d70ffb.jpg?im_w=720&im_format=avif,image_148
https://z1.muscache.cn/im/pictures/7f25b424-c1e2-42e6-9420-c178fd53f8a3.jpg?im_w=720&im_format=avif,image_149
https://z1.muscache.cn/im/pictures/3939789c-6510-4320-9767-a1ce062f67cc.jpg?im_w=720&im_format=avif,image_150
https://z1.muscache.cn/im/pictures/31feb71e-16fd-459e-94b2-a477ce68b3fd.jpg?im_w=720&im_format=avif,image_151
https://z1.muscache.cn/im/pictures/miso/Hosting-50174396/original/5b63c400-1a1d-4570-90ee-57d34abae95b.jpeg?im_w=720&im_format=avif,image_152
https://z1.muscache.cn/im/pictures/f9619f2a-2def-47c9-ac96-8d2245a968ca.jpg?im_w=720&im_format=avif,image_153
https://a0.muscache.com/im/pictures/miso/Hosting-830295312848535297/original/3106a351-01d1-4481-8baa-a3ca90029716.jpeg?im_w=720&im_format=avif,image_154
https://z1.muscache.cn/im/pictures/d19fdca9-e2f8-40c0-b1c9-f005ffb33952.jpg?im_w=720&im_format=avif,image_155
https://z1.muscache.cn/im/pictures/03b850f1-88c8-44f7-86e3-63cdd6ab54da.jpg?im_w=720&im_format=avif,image_156
https://a0.muscache.com/im/pictures/7b767870-7213-4ecd-a0e2-ccfee1452558.jpg?im_w=720&im_format=avif,image_157
https://z1.muscache.cn/im/pictures/a64385f3-13f0-4626-b3eb-68c6b9e25861.jpg?im_w=720&im_format=avif,image_158
https://z1.muscache.cn/im/pictures/a5cfe43e-3543-4e4c-97c3-87c25b2a8d50.jpg?im_w=720&im_format=avif,image_159
https://z1.muscache.cn/im/pictures/8fbce4ac-8556-4cbd-bc9d-7e956182bb90.jpg?im_w=720&im_format=avif,image_160
https://a0.muscache.com/im/pictures/f50b854c-d518-4c12-b92d-6920e1f9cc8f.jpg?im_w=720&im_format=avif,image_161
https://a0.muscache.com/im/pictures/93af889f-107f-4635-aa1c-8e07cb98e98f.jpg?im_w=720&im_format=avif,image_162
https://a0.muscache.com/im/pictures/bd860742-a51d-4a19-9a17-c3995f7f11c4.jpg?im_w=720&im_format=avif,image_163
https://z1.muscache.cn/im/pictures/2b865776-ae87-414d-ad65-b87158ba320b.jpg?im_w=720&im_format=avif,image_164
https://z1.muscache.cn/im/pictures/46e463be-1c04-42fa-8846-7e397dc04553.jpg?im_w=720&im_format=avif,image_165
https://a0.muscache.com/im/pictures/27f795be-7b8e-4cee-b50a-303711f157ce.jpg?im_w=720&im_format=avif,image_166
https://z1.muscache.cn/im/pictures/c9d72711-e968-4ac6-935c-236bb5bf3b35.jpg?im_w=720&im_format=avif,image_167
https://a0.muscache.com/im/pictures/04214109-0c26-4e6a-a57d-4c014c885a86.jpg?im_w=720&im_format=avif,image_168
https://a0.muscache.com/im/pictures/6e65b971-4037-4d29-94d1-b11b9ae504ac.jpg?im_w=720&im_format=avif,image_169
https://a0.muscache.com/im/pictures/d9f31217-d451-4653-b95a-a11e03a27e4a.jpg?im_w=720&im_format=avif,image_170
https://z1.muscache.cn/im/pictures/6e60601f-73f9-4c4d-9bff-d48f178a26b5.jpg?im_w=720&im_format=avif,image_171
https://a0.muscache.com/im/pictures/d469c89f-184d-4888-8691-0bfe74ea1df0.jpg?im_w=720&im_format=avif,image_172
https://a0.muscache.com/im/pictures/45a51f48-db19-4b1d-b335-3ec2f60ea8de.jpg?im_w=720&im_format=avif,image_173
https://z1.muscache.cn/im/pictures/4154c8da-2eeb-4ec4-bb19-2af4e1fe5a4b.jpg?im_w=720&im_format=avif,image_174
https://z1.muscache.cn/im/pictures/22f0e04d-2e74-4402-aff2-12894b6294d0.jpg?im_w=720&im_format=avif,image_175
https://z1.muscache.cn/im/pictures/7671027c-2f52-4824-9e3f-97b48a710c91.jpg?im_w=720&im_format=avif,image_176
https://a0.muscache.com/im/pictures/565cf7a6-a097-47bd-9a0d-245e23afa5cf.jpg?im_w=720&im_format=avif,image_177
https://z1.muscache.cn/im/pictures/hosting/Hosting-U3RheVN1cHBseUxpc3Rpbmc6MjM4Mjg1NA%3D%3D/original/75aa5fc3-7ff3-4f07-8a22-80a7413d636d.jpeg?im_w=720&im_format=avif,image_178
https://z1.muscache.cn/im/pictures/39d64c57-e07a-47a7-a382-d87f73a232b7.jpg?im_w=720&im_format=avif,image_179
https://z1.muscache.cn/im/pictures/miso/Hosting-51573554/original/e4892554-af6f-40de-9a37-ce5dd8afc274.jpeg?im_w=720&im_format=avif,image_180
https://z1.muscache.cn/im/pictures/4b6721e0-564f-41c5-96df-5f40daedd230.jpg?im_w=720&im_format=avif,image_181
https://a0.muscache.com/im/pictures/miso/Hosting-18276749/original/8d9dafad-16f5-4aa5-a54f-5de41e2561c9.jpeg?im_w=720&im_format=avif,image_182
https://a0.muscache.com/im/pictures/fed13533-a52b-4d6f-86a4-cc2e74cb75ef.jpg?im_w=720&im_format=avif,image_183
https://a0.muscache.com/im/pictures/miso/Hosting-755863882491699293/original/9aced757-7d44-4499-b7ca-712548254931.jpeg?im_w=720&im_format=avif,image_184
https://z1.muscache.cn/im/pictures/miso/Hosting-755863882491699293/original/35c535d1-c61a-4064-b893-93f6dc593c49.jpeg?im_w=720&im_format=avif,image_185
https://a0.muscache.com/im/pictures/39e4acdb-401a-4614-937c-7702ec9608fc.jpg?im_w=720&im_format=avif,image_186
https://z1.muscache.cn/im/pictures/d9e7ba77-2d5c-45da-adf6-0d84e1795903.jpg?im_w=720&im_format=avif,image_187
https://a0.muscache.com/im/pictures/miso/Hosting-51022954/original/deed3759-c54d-4631-8241-2c57b5206013.jpeg?im_w=720&im_format=avif,image_188
https://a0.muscache.com/im/pictures/2a726139-67ba-4a53-8abf-5b6f18589267.jpg?im_w=720&im_format=avif,image_189
https://a0.muscache.com/im/pictures/19d89a2f-6428-4c05-81fa-f41e5bba3f32.jpg?im_w=720&im_format=avif,image_190
https://a0.muscache.com/im/pictures/prohost-api/Hosting-896072497528782495/original/78de7e28-30a3-4226-ad3f-8c9175d90eb5.jpeg?im_w=720&im_format=avif,image_191
https://z1.muscache.cn/im/pictures/prohost-api/Hosting-896072497528782495/original/f27e1c6a-40e7-4cb8-8120-58fbbdbed87b.jpeg?im_w=720&im_format=avif,image_192
https://a0.muscache.com/im/pictures/fa00e075-bf44-4272-aafd-291d5f91def8.jpg?im_w=720&im_format=avif,image_193
https://a0.muscache.com/im/pictures/e88edf0e-8fa8-435b-b506-d2a4e7ce2005.jpg?im_w=720&im_format=avif,image_194
https://z1.muscache.cn/im/pictures/miso/Hosting-2415468/original/141cdf5d-d9af-4fa3-a1e0-e888ae1c816d.jpeg?im_w=720&im_format=avif,image_195
https://z1.muscache.cn/im/pictures/miso/Hosting-28619944/original/49debbc3-a55e-4ef3-85b7-fd7a41cdb840.jpeg?im_w=720&im_format=avif,image_196
https://z1.muscache.cn/im/pictures/miso/Hosting-590612965018636892/original/4c7f9400-8531-4508-a2e6-1f874cc4de67.jpeg?im_w=720&im_format=avif,image_197
https://a0.muscache.com/im/pictures/ee25f6e9-9525-485d-828e-49c477aca70c.jpg?im_w=720&im_format=avif,image_198
https://z1.muscache.cn/im/pictures/8b31ff00-0992-4034-aab0-aa10fe1db691.jpg?im_w=720&im_format=avif,image_199
https://z1.muscache.cn/im/pictures/9e7d6b79-709c-49f7-a292-21963ed153e0.jpg?im_w=720&im_format=avif,image_200
https://z1.muscache.cn/im/pictures/3015216a-d4f9-4d13-b7ac-700a9c4d5a8c.jpg?im_w=720&im_format=avif,image_201
https://z1.muscache.cn/im/pictures/3ed102de-c7fb-4861-887b-481799708dcb.jpg?im_w=720&im_format=avif,image_202
https://z1.muscache.cn/im/pictures/11c260fb-8cd6-42ca-8be1-d0d55400c2cd.jpg?im_w=720&im_format=avif,image_203
https://z1.muscache.cn/im/pictures/99f2d689-3e8e-4e59-aaa1-d151f60c5dcb.jpg?im_w=720&im_format=avif,image_204
https://a0.muscache.com/im/pictures/fb42433c-d173-4d06-98b5-d8ed5e3c6bc5.jpg?im_w=720&im_format=avif,image_205
https://z1.muscache.cn/im/pictures/a2c6de31-d15c-432a-b0dc-4940dc1f104a.jpg?im_w=720&im_format=avif,image_206
https://z1.muscache.cn/im/pictures/919cc2dd-d253-41fd-8804-42e7832f3292.jpg?im_w=720&im_format=avif,image_207
https://a0.muscache.com/im/pictures/d5592b17-9a1b-44cc-8b33-d5f899b59e25.jpg?im_w=720&im_format=avif,image_208
https://z1.muscache.cn/im/pictures/e7a446e5-c589-4e7b-8015-7ed89b99212c.jpg?im_w=720&im_format=avif,image_209
https://z1.muscache.cn/im/pictures/dbbb6ff7-8cba-44b6-81b7-74588a1eccf1.jpg?im_w=720&im_format=avif,image_210
https://z1.muscache.cn/im/pictures/d2742a3a-e5ec-40ee-9cba-67f69b45d4e7.jpg?im_w=720&im_format=avif,image_211
https://z1.muscache.cn/im/pictures/miso/Hosting-781204459314954855/original/0e9b16d0-b007-4362-9b59-350876cb7249.jpeg?im_w=720&im_format=avif,image_212
https://z1.muscache.cn/im/pictures/miso/Hosting-52764479/original/59123959-bae1-425b-94a4-baeb940b1c4f.jpeg?im_w=720&im_format=avif,image_213
https://z1.muscache.cn/im/pictures/92bacbf4-cf67-47f4-8b6c-d3143204a5ca.jpg?im_w=720&im_format=avif,image_214
https://z1.muscache.cn/im/pictures/77626ead-5632-400a-a8be-7191c61efc10.jpg?im_w=720&im_format=avif,image_215
https://a0.muscache.com/im/pictures/4dcc087a-a5d6-4690-b4ee-57b1ab06971f.jpg?im_w=720&im_format=avif,image_216
https://a0.muscache.com/im/pictures/db66b9e3-272b-41ca-b953-789c50a66764.jpg?im_w=720&im_format=avif,image_217
https://z1.muscache.cn/im/pictures/89040b66-87f8-4c2a-bb91-65cd2f203e15.jpg?im_w=720&im_format=avif,image_218
https://z1.muscache.cn/im/pictures/prohost-api/Hosting-917099029499624232/original/8a4d0e19-4b74-42d3-ac65-2d9237532486.jpeg?im_w=720&im_format=avif,image_219
https://z1.muscache.cn/im/pictures/f9346873-3e1e-4644-9678-5a8b77b77daf.jpg?im_w=720&im_format=avif,image_220
https://z1.muscache.cn/im/pictures/miso/Hosting-50931793/original/c12c6480-8020-4b16-b775-bb747e127a68.jpeg?im_w=720&im_format=avif,image_221
https://z1.muscache.cn/im/pictures/c47ad307-a1b2-4ae7-9f02-2d077fc82ee3.jpg?im_w=720&im_format=avif,image_222
https://z1.muscache.cn/im/pictures/prohost-api/Hosting-879738053478969902/original/c94e8604-9e27-4b7d-a4b0-8aa95ce15708.jpeg?im_w=720&im_format=avif,image_223
https://z1.muscache.cn/im/pictures/prohost-api/Hosting-49920410/original/d083ece1-7a44-4dfd-8245-647db3230c7d.jpeg?im_w=720&im_format=avif,image_224
https://z1.muscache.cn/im/pictures/prohost-api/Hosting-49920410/original/d827edd5-6c2e-45cd-b513-7658ae1b2061.jpeg?im_w=720&im_format=avif,image_225
https://a0.muscache.com/im/pictures/c4855e9e-c2ce-4ad7-bd23-9a84668c6a12.jpg?im_w=720&im_format=avif,image_226
https://z1.muscache.cn/im/pictures/7f45df96-dab7-4e6c-86ed-79ab79e0fbcb.jpg?im_w=720&im_format=avif,image_227
https://z1.muscache.cn/im/pictures/prohost-api/Hosting-670707353210792516/original/5ab43f8b-93a1-43eb-bf4d-c46259761d1b.jpeg?im_w=720&im_format=avif,image_228
https://z1.muscache.cn/im/pictures/hosting/Hosting-36379721/original/90809256-f9ed-42b9-9824-d9b63eeb6300.jpeg?im_w=720&im_format=avif,image_229
https://z1.muscache.cn/im/pictures/ec582058-831d-42b1-b9ef-d11f7e38e1bd.jpg?im_w=720&im_format=avif,image_230
https://z1.muscache.cn/im/pictures/miso/Hosting-49203919/original/41a2ae49-5a56-4f7a-b843-a3faa4b5b8f2.jpeg?im_w=720&im_format=avif,image_231
https://z1.muscache.cn/im/pictures/1d67dffd-ebfd-489e-b89e-ca42050d36db.jpg?im_w=720&im_format=avif,image_232
https://z1.muscache.cn/im/pictures/prohost-api/Hosting-683117740778226576/original/6ddf354e-f97f-4b4c-bcf1-3b0530ef8ab5.jpeg?im_w=720&im_format=avif,image_233
https://z1.muscache.cn/im/pictures/9a336b8c-66ec-402c-b333-d0dfb2f2ce34.jpg?im_w=720&im_format=avif,image_234
https://z1.muscache.cn/im/pictures/miso/Hosting-42534451/original/4dff31ce-e1b0-4341-a0b9-4b67faad05f0.jpeg?im_w=720&im_format=avif,image_235
https://z1.muscache.cn/im/pictures/miso/Hosting-31969851/original/5ef5a5f3-38fe-4ba4-91b2-a0cb6d98a10a.jpeg?im_w=720&im_format=avif,image_236
https://z1.muscache.cn/im/pictures/1aeae8c6-f147-463c-97d5-e8c1287293c5.jpg?im_w=720&im_format=avif,image_237
https://z1.muscache.cn/im/pictures/miso/Hosting-51357993/original/97011b4c-da9d-45a8-9e28-1d0b273eb628.jpeg?im_w=720&im_format=avif,image_238
https://z1.muscache.cn/im/pictures/ef681b2b-2bf1-485b-827a-b2448df839c6.jpg?im_w=720&im_format=avif,image_239
https://a0.muscache.com/im/pictures/f33c7225-d1cb-4e0b-9534-c019f24decd7.jpg?im_w=720&im_format=avif,image_240
https://a0.muscache.com/im/pictures/b6d6209b-a929-4736-b0b0-134b6d180af5.jpg?im_w=720&im_format=avif,image_241
https://z1.muscache.cn/im/pictures/770d839e-161c-4229-a6ad-9867b5822041.jpg?im_w=720&im_format=avif,image_242
https://a0.muscache.com/im/pictures/2686fd8f-7952-4702-9e76-a8393c4af52e.jpg?im_w=720&im_format=avif,image_243
https://z1.muscache.cn/im/pictures/hosting/Hosting-14055362/original/29bbb28e-a8af-4ac0-8505-e56eb3d5783b.jpeg?im_w=720&im_format=avif,image_244
https://a0.muscache.com/im/pictures/airflow/Hosting-25163867/original/80b57703-f609-4c70-8656-1fe4819d1a4d.jpg?im_w=720&im_format=avif,image_245
https://z1.muscache.cn/im/pictures/9329e764-9d43-4e3f-9ac6-5c86e9541df5.jpg?im_w=720&im_format=avif,image_246
https://a0.muscache.com/im/pictures/airflow/Hosting-51576391/original/b2cded4a-1e07-47d6-9f36-2d5c77819464.jpg?im_w=720&im_format=avif,image_247
https://a0.muscache.com/im/pictures/df14dbca-a100-4b58-8e02-34a3fc54e8b9.jpg?im_w=720&im_format=avif,image_248
https://z1.muscache.cn/im/pictures/miso/Hosting-10778690/original/05715f29-1d78-4701-b0f1-ed899499ba67.jpeg?im_w=720&im_format=avif,image_249
https://a0.muscache.com/im/pictures/miso/Hosting-750403140668007266/original/dbbcae40-37b5-434a-9cb2-d2136a25986d.jpeg?im_w=720&im_format=avif,image_250
https://a0.muscache.com/im/pictures/f6b909e0-7565-4bee-aa2b-43d65da0a701.jpg?im_w=720&im_format=avif,image_251
https://a0.muscache.com/im/pictures/miso/Hosting-658493991726399693/original/69d07e1d-985f-45e7-957d-42b2c31f5095.jpeg?im_w=720&im_format=avif,image_252
https://a0.muscache.com/im/pictures/0744a4ad-b88c-4e2d-9fe6-5ba981a7bd18.jpg?im_w=720&im_format=avif,image_253
https://a0.muscache.com/im/pictures/prohost-api/Hosting-985385299425060631/original/f6c8a169-b070-4107-8e1e-52cf4e4455a4.jpeg?im_w=720&im_format=avif,image_254
https://a0.muscache.com/im/pictures/hosting/Hosting-986675040007477594/original/986e48b9-71b8-4cd5-bbc3-4067ea22d017.jpeg?im_w=720&im_format=avif,image_255
https://z1.muscache.cn/im/pictures/e43aa73c-16a1-47bb-a0da-e2884c163509.jpg?im_w=720&im_format=avif,image_256
https://z1.muscache.cn/im/pictures/hosting/Hosting-967818130923072089/original/5b6dcf3f-6d15-4275-9110-d4ee3dbc3b2d.jpeg?im_w=720&im_format=avif,image_257
https://a0.muscache.com/im/pictures/f14a4bce-b35e-464e-985e-91c1f2620afa.jpg?im_w=720&im_format=avif,image_258
https://z1.muscache.cn/im/pictures/eb9057fe-6636-47a1-8ba1-a953c1aa450c.jpg?im_w=720&im_format=avif,image_259
https://z1.muscache.cn/im/pictures/6f22517e-fbfb-46a5-8ea0-012927430b81.jpg?im_w=720&im_format=avif,image_260
https://z1.muscache.cn/im/pictures/0de1a47b-c7f6-43d6-9ec1-ac18916aa837.jpg?im_w=720&im_format=avif,image_261
https://z1.muscache.cn/im/pictures/airflow/Hosting-879515300467232749/original/d7fe7543-616f-44c0-98cc-076584a27a6c.jpg?im_w=720&im_format=avif,image_262
https://z1.muscache.cn/im/pictures/26ae770e-9c0c-4883-b1ff-fbc62411e8af.jpg?im_w=720&im_format=avif,image_263
https://z1.muscache.cn/im/pictures/2e58f251-6690-45ae-a39b-e3b76e90b47b.jpg?im_w=720&im_format=avif,image_264
https://z1.muscache.cn/im/pictures/f217a15f-c57f-44df-ac25-31f3deaf1b68.jpg?im_w=720&im_format=avif,image_265
https://a0.muscache.com/im/pictures/a62b92a5-eceb-41d1-b802-f76856fbbfa4.jpg?im_w=720&im_format=avif,image_266
https://z1.muscache.cn/im/pictures/69b52897-c43f-4ffc-9035-e05c20a9cd50.jpg?im_w=720&im_format=avif,image_267
https://z1.muscache.cn/im/pictures/miso/Hosting-45654742/original/89e4fbd9-8819-4306-b454-6e168875d4d7.jpeg?im_w=720&im_format=avif,image_268
https://z1.muscache.cn/im/pictures/miso/Hosting-45654742/original/6720f0d0-c924-41e2-a5c9-bd067e752f79.jpeg?im_w=720&im_format=avif,image_269
https://z1.muscache.cn/im/pictures/miso/Hosting-49997536/original/e204edf0-9823-46d3-bda9-1a952df869a3.jpeg?im_w=720&im_format=avif,image_270
https://z1.muscache.cn/im/pictures/6ea8ca2f-28e0-4603-a56a-8a14066f7cd4.jpg?im_w=720&im_format=avif,image_271
https://a0.muscache.com/im/pictures/miso/Hosting-49433769/original/bc986796-c4df-4d4b-9173-0ee3a6126829.jpeg?im_w=720&im_format=avif,image_272
https://z1.muscache.cn/im/pictures/5742d7de-6198-47a9-bf7a-846778960ba9.jpg?im_w=720&im_format=avif,image_273
https://z1.muscache.cn/im/pictures/533d0d22-bb82-4480-908b-94720ce52b5d.jpg?im_w=720&im_format=avif,image_274
https://z1.muscache.cn/im/pictures/d30d91b4-8027-4bc8-961e-84fbb7d30b37.jpg?im_w=720&im_format=avif,image_275
https://z1.muscache.cn/im/pictures/miso/Hosting-594726732458821508/original/a50c434d-882e-4de6-8f2b-b5a7e958d0ff.jpeg?im_w=720&im_format=avif,image_276
https://z1.muscache.cn/im/pictures/b1b6a24b-87e9-4f05-bb08-d1484e35a0bc.jpg?im_w=720&im_format=avif,image_277
https://z1.muscache.cn/im/pictures/miso/Hosting-37413466/original/520dfc4a-10df-40c8-bdb1-b10353e5bdfa.jpeg?im_w=720&im_format=avif,image_278
https://z1.muscache.cn/im/pictures/098be31b-4be6-4c84-a2d1-354b0df840d9.jpg?im_w=720&im_format=avif,image_279
https://z1.muscache.cn/im/pictures/012c2772-2b40-4bae-b079-584f4f89aa60.jpg?im_w=720&im_format=avif,image_280
https://a0.muscache.com/im/pictures/miso/Hosting-43886966/original/51075579-98b2-49e6-b9f1-30ee9e484588.jpeg?im_w=720&im_format=avif,image_281
https://a0.muscache.com/im/pictures/071806fd-ec67-4bd8-b052-dd84c80052c5.jpg?im_w=720&im_format=avif,image_282
https://a0.muscache.com/im/pictures/aae0bca4-396e-4097-bd49-870fcf16c297.jpg?im_w=720&im_format=avif,image_283
https://z1.muscache.cn/im/pictures/prohost-api/Hosting-956276156582114863/original/14d52336-a656-4097-9f41-739c12adf929.jpeg?im_w=720&im_format=avif,image_284
https://a0.muscache.com/im/pictures/59cefa1b-d48c-4d1b-8dbd-39dc36139b2a.jpg?im_w=720&im_format=avif,image_285
https://z1.muscache.cn/im/pictures/50140060-00f8-4ae7-8ea6-d23ce3977972.jpg?im_w=720&im_format=avif,image_286
https://z1.muscache.cn/im/pictures/prohost-api/Hosting-950210327862492948/original/0dca9648-4f18-4b70-a3bf-b1f3035825c1.jpeg?im_w=720&im_format=avif,image_287
https://z1.muscache.cn/im/pictures/prohost-api/Hosting-950210327862492948/original/f48a100e-200c-4218-b61e-9310d811824e.jpeg?im_w=720&im_format=avif,image_288
https://a0.muscache.com/im/pictures/miso/Hosting-41929686/original/b09631df-6602-4f13-a805-297eccd9aedf.jpeg?im_w=720&im_format=avif,image_289